{"cameraMode":{"drawMode":0,"name":"Shaded","section":"Shading Mode"},"sceneLighting":false,"audioPlay":false,"sceneViewState":{"showFog":true,"showMaterialUpdate":false,"showSkybox":true,"showFlares":true,"showImageEffects":true,"showParticleSystems":true},"in2DMode":false,"pivot":{"x":-31.236099243164064,"y":-77.86112976074219,"z":259.56878662109377},"rotation":{"x":-0.23257485032081605,"y":0.09232600033283234,"z":-0.02218405157327652,"w":-0.9679325819015503},"size":125.70500946044922,"orthographic":false}